tag,name,year,value
ADA,Adal,1445,0
ARA,Aragon,1445,1
ASK,Ashikaga,1445,0
HAB,Austria,1445,0
AYU,Ayutthaya,1445,0
BOH,Bohemia,1445,0
BUR,Burgundy,1445,0
CAS,Castile,1445,1
DAN,Denmark,1445,0
ENG,England,1445,1
ETH,Ethiopia,1445,0
LAN,Florence,1445,0
FRA,France,1445,1
GEN,Genoa,1445,0
HOL,Holland,1445,0
HUN,Hungary,1445,0
LIT,Lithuania,1445,0
HSA,Lübeck,1445,0
MAM,Mamluks,1445,1
MNG,Ming,1445,2
MCM,Munster,1445,0
MOS,Muscovy,1445,0
NOR,Norway,1445,0
OIR,Oirat,1445,0
TUR,Ottomans,1445,1
POL,Poland,1445,0
POR,Portugal,1445,0
QAR,Qara Qoyunlu,1445,0
SAV,Savoy,1445,0
SAX,Saxony,1445,0
STE,Stettin,1445,0
SWE,Sweden,1445,0
SYR,Syria,1445,0
TEU,Teutonic Order,1445,0
PAL,The Palatinate,1445,0
PAP,The Papal State,1445,0
TIM,Timurids,1445,1
TUN,Tunis,1445,0
VEN,Venice,1445,0
VIJ,Vijayanagar,1445,0
WBG,Wurzburg,1445,0
ADA,Adal,1446,0
ARA,Aragon,1446,5
ASK,Ashikaga,1446,0
HAB,Austria,1446,0
AYU,Ayutthaya,1446,0
BOH,Bohemia,1446,0
BUR,Burgundy,1446,0
CAS,Castile,1446,4
DAN,Denmark,1446,0
ENG,England,1446,7
ETH,Ethiopia,1446,0
LAN,Florence,1446,0
FRA,France,1446,5
GEN,Genoa,1446,0
HOL,Holland,1446,0
HUN,Hungary,1446,0
LIT,Lithuania,1446,0
HSA,Lübeck,1446,0
MAM,Mamluks,1446,7
MNG,Ming,1446,9
MCM,Munster,1446,0
MOS,Muscovy,1446,0
NOR,Norway,1446,0
OIR,Oirat,1446,0
TUR,Ottomans,1446,6
POL,Poland,1446,0
POR,Portugal,1446,0
QAR,Qara Qoyunlu,1446,0
SAV,Savoy,1446,0
SAX,Saxony,1446,0
STE,Stettin,1446,0
SWE,Sweden,1446,0
SYR,Syria,1446,0
TEU,Teutonic Order,1446,0
PAL,The Palatinate,1446,0
PAP,The Papal State,1446,0
TIM,Timurids,1446,5
TUN,Tunis,1446,0
VEN,Venice,1446,0
VIJ,Vijayanagar,1446,0
WBG,Wurzburg,1446,0
ADA,Adal,1447,0
ARA,Aragon,1447,10
ASK,Ashikaga,1447,0
HAB,Austria,1447,0
AYU,Ayutthaya,1447,0
BOH,Bohemia,1447,0
BUR,Burgundy,1447,0
CAS,Castile,1447,8
DAN,Denmark,1447,0
ENG,England,1447,10
ETH,Ethiopia,1447,0
LAN,Florence,1447,0
FRA,France,1447,10
GEN,Genoa,1447,0
HOL,Holland,1447,0
HUN,Hungary,1447,0
LIT,Lithuania,1447,0
HSA,Lübeck,1447,0
MAM,Mamluks,1447,13
MNG,Ming,1447,17
MCM,Munster,1447,0
MOS,Muscovy,1447,0
NOR,Norway,1447,0
OIR,Oirat,1447,0
TUR,Ottomans,1447,10
POL,Poland,1447,1
POR,Portugal,1447,0
QAR,Qara Qoyunlu,1447,0
SAV,Savoy,1447,0
SAX,Saxony,1447,0
STE,Stettin,1447,0
SWE,Sweden,1447,0
SYR,Syria,1447,0
TEU,Teutonic Order,1447,0
PAL,The Palatinate,1447,0
PAP,The Papal State,1447,0
TIM,Timurids,1447,9
TUN,Tunis,1447,0
VEN,Venice,1447,0
VIJ,Vijayanagar,1447,0
WBG,Wurzburg,1447,0
ADA,Adal,1448,0
ARA,Aragon,1448,15
ASK,Ashikaga,1448,0
HAB,Austria,1448,0
AYU,Ayutthaya,1448,0
BOH,Bohemia,1448,0
BUR,Burgundy,1448,0
CAS,Castile,1448,12
DAN,Denmark,1448,0
ENG,England,1448,13
ETH,Ethiopia,1448,0
LAN,Florence,1448,0
FRA,France,1448,16
GEN,Genoa,1448,0
HOL,Holland,1448,0
HUN,Hungary,1448,0
LIT,Lithuania,1448,0
HSA,Lübeck,1448,0
MAM,Mamluks,1448,18
MNG,Ming,1448,24
MCM,Munster,1448,0
MOS,Muscovy,1448,0
NOR,Norway,1448,0
OIR,Oirat,1448,0
TUR,Ottomans,1448,16
POL,Poland,1448,4
POR,Portugal,1448,0
QAR,Qara Qoyunlu,1448,0
SAV,Savoy,1448,0
SAX,Saxony,1448,0
STE,Stettin,1448,0
SWE,Sweden,1448,0
SYR,Syria,1448,0
TEU,Teutonic Order,1448,0
PAL,The Palatinate,1448,0
PAP,The Papal State,1448,0
TIM,Timurids,1448,14
TUN,Tunis,1448,0
VEN,Venice,1448,0
VIJ,Vijayanagar,1448,1
WBG,Wurzburg,1448,0
ADA,Adal,1449,0
ARA,Aragon,1449,19
ASK,Ashikaga,1449,0
HAB,Austria,1449,0
AYU,Ayutthaya,1449,0
BOH,Bohemia,1449,0
BUR,Burgundy,1449,0
CAS,Castile,1449,15
DAN,Denmark,1449,0
ENG,England,1449,14
ETH,Ethiopia,1449,0
LAN,Florence,1449,0
FRA,France,1449,22
GEN,Genoa,1449,0
HOL,Holland,1449,0
HUN,Hungary,1449,0
LIT,Lithuania,1449,0
HSA,Lübeck,1449,0
MAM,Mamluks,1449,24
MNG,Ming,1449,32
MCM,Munster,1449,0
MOS,Muscovy,1449,0
NOR,Norway,1449,0
OIR,Oirat,1449,0
TUR,Ottomans,1449,23
POL,Poland,1449,8
POR,Portugal,1449,0
QAR,Qara Qoyunlu,1449,0
SAV,Savoy,1449,0
SAX,Saxony,1449,0
STE,Stettin,1449,0
SWE,Sweden,1449,0
SYR,Syria,1449,0
TEU,Teutonic Order,1449,0
PAL,The Palatinate,1449,0
PAP,The Papal State,1449,0
TIM,Timurids,1449,18
TUN,Tunis,1449,0
VEN,Venice,1449,0
VIJ,Vijayanagar,1449,2
WBG,Wurzburg,1449,0
ADA,Adal,1450,0
ARA,Aragon,1450,24
ASK,Ashikaga,1450,0
HAB,Austria,1450,0
AYU,Ayutthaya,1450,0
BOH,Bohemia,1450,0
BUR,Burgundy,1450,0
CAS,Castile,1450,18
DAN,Denmark,1450,0
ENG,England,1450,14
ETH,Ethiopia,1450,0
LAN,Florence,1450,0
FRA,France,1450,27
GEN,Genoa,1450,0
HOL,Holland,1450,0
HUN,Hungary,1450,0
LIT,Lithuania,1450,0
HSA,Lübeck,1450,0
MAM,Mamluks,1450,28
MNG,Ming,1450,40
MCM,Munster,1450,0
MOS,Muscovy,1450,1
NOR,Norway,1450,0
OIR,Oirat,1450,0
TUR,Ottomans,1450,30
POL,Poland,1450,11
POR,Portugal,1450,0
QAR,Qara Qoyunlu,1450,0
SAV,Savoy,1450,0
SAX,Saxony,1450,0
STE,Stettin,1450,0
SWE,Sweden,1450,0
SYR,Syria,1450,0
TEU,Teutonic Order,1450,0
PAL,The Palatinate,1450,0
PAP,The Papal State,1450,0
TIM,Timurids,1450,22
TUN,Tunis,1450,0
VEN,Venice,1450,0
VIJ,Vijayanagar,1450,7
WBG,Wurzburg,1450,0
ADA,Adal,1451,0
ARA,Aragon,1451,28
ASK,Ashikaga,1451,0
HAB,Austria,1451,0
AYU,Ayutthaya,1451,0
BOH,Bohemia,1451,0
BUR,Burgundy,1451,0
CAS,Castile,1451,21
DAN,Denmark,1451,0
ENG,England,1451,14
ETH,Ethiopia,1451,0
LAN,Florence,1451,0
FRA,France,1451,32
GEN,Genoa,1451,0
HOL,Holland,1451,0
HUN,Hungary,1451,0
LIT,Lithuania,1451,0
HSA,Lübeck,1451,0
MAM,Mamluks,1451,33
MNG,Ming,1451,47
MCM,Munster,1451,0
MOS,Muscovy,1451,4
NOR,Norway,1451,0
OIR,Oirat,1451,0
TUR,Ottomans,1451,36
POL,Poland,1451,15
POR,Portugal,1451,0
QAR,Qara Qoyunlu,1451,0
SAV,Savoy,1451,0
SAX,Saxony,1451,0
STE,Stettin,1451,0
SWE,Sweden,1451,0
SYR,Syria,1451,0
TEU,Teutonic Order,1451,0
PAL,The Palatinate,1451,0
PAP,The Papal State,1451,0
TIM,Timurids,1451,27
TUN,Tunis,1451,0
VEN,Venice,1451,0
VIJ,Vijayanagar,1451,10
WBG,Wurzburg,1451,0
ADA,Adal,1452,0
ARA,Aragon,1452,30
ASK,Ashikaga,1452,0
HAB,Austria,1452,0
AYU,Ayutthaya,1452,0
BOH,Bohemia,1452,0
BUR,Burgundy,1452,0
CAS,Castile,1452,25
DAN,Denmark,1452,0
ENG,England,1452,15
ETH,Ethiopia,1452,0
LAN,Florence,1452,0
FRA,France,1452,40
GEN,Genoa,1452,0
HOL,Holland,1452,0
HUN,Hungary,1452,0
LIT,Lithuania,1452,0
HSA,Lübeck,1452,0
MAM,Mamluks,1452,38
MNG,Ming,1452,54
MCM,Munster,1452,0
MOS,Muscovy,1452,6
NOR,Norway,1452,0
OIR,Oirat,1452,0
TUR,Ottomans,1452,42
POL,Poland,1452,18
POR,Portugal,1452,0
QAR,Qara Qoyunlu,1452,0
SAV,Savoy,1452,0
SAX,Saxony,1452,0
STE,Stettin,1452,0
SWE,Sweden,1452,0
SYR,Syria,1452,0
TEU,Teutonic Order,1452,0
PAL,The Palatinate,1452,0
PAP,The Papal State,1452,0
TIM,Timurids,1452,30
TUN,Tunis,1452,0
VEN,Venice,1452,0
VIJ,Vijayanagar,1452,14
WBG,Wurzburg,1452,0
ADA,Adal,1453,0
ARA,Aragon,1453,30
ASK,Ashikaga,1453,0
HAB,Austria,1453,0
AYU,Ayutthaya,1453,0
BOH,Bohemia,1453,0
BUR,Burgundy,1453,0
CAS,Castile,1453,29
DAN,Denmark,1453,0
ENG,England,1453,16
ETH,Ethiopia,1453,0
LAN,Florence,1453,0
FRA,France,1453,49
GEN,Genoa,1453,0
HOL,Holland,1453,0
HUN,Hungary,1453,0
LIT,Lithuania,1453,0
HSA,Lübeck,1453,0
MAM,Mamluks,1453,44
MNG,Ming,1453,61
MCM,Munster,1453,0
MOS,Muscovy,1453,9
NOR,Norway,1453,0
OIR,Oirat,1453,0
TUR,Ottomans,1453,48
POL,Poland,1453,23
POR,Portugal,1453,0
QAR,Qara Qoyunlu,1453,0
SAV,Savoy,1453,0
SAX,Saxony,1453,0
STE,Stettin,1453,0
SWE,Sweden,1453,0
SYR,Syria,1453,0
TEU,Teutonic Order,1453,0
PAL,The Palatinate,1453,0
PAP,The Papal State,1453,0
TIM,Timurids,1453,33
TUN,Tunis,1453,0
VEN,Venice,1453,0
VIJ,Vijayanagar,1453,19
WBG,Wurzburg,1453,0
ADA,Adal,1454,0
ARA,Aragon,1454,30
ASK,Ashikaga,1454,0
HAB,Austria,1454,0
AYU,Ayutthaya,1454,0
BOH,Bohemia,1454,0
BUR,Burgundy,1454,0
CAS,Castile,1454,32
DAN,Denmark,1454,0
ENG,England,1454,16
ETH,Ethiopia,1454,0
LAN,Florence,1454,0
FRA,France,1454,58
GEN,Genoa,1454,1
HOL,Holland,1454,0
HUN,Hungary,1454,0
LIT,Lithuania,1454,0
HSA,Lübeck,1454,0
MAM,Mamluks,1454,49
MNG,Ming,1454,68
MCM,Munster,1454,0
MOS,Muscovy,1454,13
NOR,Norway,1454,0
OIR,Oirat,1454,0
TUR,Ottomans,1454,55
POL,Poland,1454,28
POR,Portugal,1454,0
QAR,Qara Qoyunlu,1454,0
SAV,Savoy,1454,0
SAX,Saxony,1454,0
STE,Stettin,1454,0
SWE,Sweden,1454,0
SYR,Syria,1454,0
TEU,Teutonic Order,1454,0
PAL,The Palatinate,1454,0
PAP,The Papal State,1454,0
TIM,Timurids,1454,38
TUN,Tunis,1454,0
VEN,Venice,1454,0
VIJ,Vijayanagar,1454,22
WBG,Wurzburg,1454,0
ADA,Adal,1455,0
ARA,Aragon,1455,30
ASK,Ashikaga,1455,0
HAB,Austria,1455,0
AYU,Ayutthaya,1455,0
BOH,Bohemia,1455,0
BUR,Burgundy,1455,0
CAS,Castile,1455,36
DAN,Denmark,1455,0
ENG,England,1455,17
ETH,Ethiopia,1455,0
LAN,Florence,1455,0
FRA,France,1455,67
GEN,Genoa,1455,1
HOL,Holland,1455,0
HUN,Hungary,1455,0
LIT,Lithuania,1455,0
HSA,Lübeck,1455,0
MAM,Mamluks,1455,55
MNG,Ming,1455,76
MCM,Munster,1455,0
MOS,Muscovy,1455,17
NOR,Norway,1455,0
OIR,Oirat,1455,0
TUR,Ottomans,1455,62
POL,Poland,1455,33
POR,Portugal,1455,0
QAR,Qara Qoyunlu,1455,0
SAV,Savoy,1455,0
SAX,Saxony,1455,0
STE,Stettin,1455,0
SWE,Sweden,1455,0
SYR,Syria,1455,0
TEU,Teutonic Order,1455,0
PAL,The Palatinate,1455,0
PAP,The Papal State,1455,0
TIM,Timurids,1455,42
TUN,Tunis,1455,0
VEN,Venice,1455,0
VIJ,Vijayanagar,1455,26
WBG,Wurzburg,1455,0
ADA,Adal,1456,0
ARA,Aragon,1456,30
ASK,Ashikaga,1456,0
HAB,Austria,1456,0
AYU,Ayutthaya,1456,0
BOH,Bohemia,1456,0
BUR,Burgundy,1456,0
CAS,Castile,1456,40
DAN,Denmark,1456,0
ENG,England,1456,17
ETH,Ethiopia,1456,0
LAN,Florence,1456,0
FRA,France,1456,76
GEN,Genoa,1456,1
HOL,Holland,1456,0
HUN,Hungary,1456,0
LIT,Lithuania,1456,0
HSA,Lübeck,1456,0
MAM,Mamluks,1456,59
MNG,Ming,1456,84
MCM,Munster,1456,0
MOS,Muscovy,1456,20
NOR,Norway,1456,0
OIR,Oirat,1456,0
TUR,Ottomans,1456,68
POL,Poland,1456,37
POR,Portugal,1456,0
QAR,Qara Qoyunlu,1456,0
SAV,Savoy,1456,0
SAX,Saxony,1456,0
STE,Stettin,1456,0
SWE,Sweden,1456,0
SYR,Syria,1456,0
TEU,Teutonic Order,1456,0
PAL,The Palatinate,1456,0
PAP,The Papal State,1456,0
TIM,Timurids,1456,43
TUN,Tunis,1456,0
VEN,Venice,1456,4
VIJ,Vijayanagar,1456,30
WBG,Wurzburg,1456,0
ADA,Adal,1457,0
ARA,Aragon,1457,30
ASK,Ashikaga,1457,0
HAB,Austria,1457,0
AYU,Ayutthaya,1457,0
BOH,Bohemia,1457,0
BUR,Burgundy,1457,0
CAS,Castile,1457,44
DAN,Denmark,1457,0
ENG,England,1457,18
ETH,Ethiopia,1457,0
LAN,Florence,1457,0
FRA,France,1457,83
GEN,Genoa,1457,1
HOL,Holland,1457,0
HUN,Hungary,1457,0
LIT,Lithuania,1457,0
HSA,Lübeck,1457,0
MAM,Mamluks,1457,65
MNG,Ming,1457,92
MCM,Munster,1457,0
MOS,Muscovy,1457,24
NOR,Norway,1457,0
OIR,Oirat,1457,0
TUR,Ottomans,1457,76
POL,Poland,1457,42
POR,Portugal,1457,0
QAR,Qara Qoyunlu,1457,0
SAV,Savoy,1457,0
SAX,Saxony,1457,0
STE,Stettin,1457,0
SWE,Sweden,1457,0
SYR,Syria,1457,0
TEU,Teutonic Order,1457,0
PAL,The Palatinate,1457,0
PAP,The Papal State,1457,0
TIM,Timurids,1457,43
TUN,Tunis,1457,0
VEN,Venice,1457,9
VIJ,Vijayanagar,1457,34
WBG,Wurzburg,1457,0
ADA,Adal,1458,0
ARA,Aragon,1458,30
ASK,Ashikaga,1458,0
HAB,Austria,1458,0
AYU,Ayutthaya,1458,0
BOH,Bohemia,1458,0
BUR,Burgundy,1458,0
CAS,Castile,1458,48
DAN,Denmark,1458,0
ENG,England,1458,18
ETH,Ethiopia,1458,0
LAN,Florence,1458,0
FRA,France,1458,91
GEN,Genoa,1458,1
HOL,Holland,1458,0
HUN,Hungary,1458,0
LIT,Lithuania,1458,0
HSA,Lübeck,1458,0
MAM,Mamluks,1458,71
MNG,Ming,1458,101
MCM,Munster,1458,0
MOS,Muscovy,1458,28
NOR,Norway,1458,0
OIR,Oirat,1458,0
TUR,Ottomans,1458,84
POL,Poland,1458,46
POR,Portugal,1458,0
QAR,Qara Qoyunlu,1458,0
SAV,Savoy,1458,0
SAX,Saxony,1458,0
STE,Stettin,1458,0
SWE,Sweden,1458,0
SYR,Syria,1458,0
TEU,Teutonic Order,1458,0
PAL,The Palatinate,1458,0
PAP,The Papal State,1458,0
TIM,Timurids,1458,43
TUN,Tunis,1458,0
VEN,Venice,1458,13
VIJ,Vijayanagar,1458,39
WBG,Wurzburg,1458,0
ADA,Adal,1459,0
ARA,Aragon,1459,30
ASK,Ashikaga,1459,0
HAB,Austria,1459,0
AYU,Ayutthaya,1459,0
BOH,Bohemia,1459,0
BUR,Burgundy,1459,0
CAS,Castile,1459,51
DAN,Denmark,1459,0
ENG,England,1459,18
ETH,Ethiopia,1459,0
LAN,Florence,1459,0
FRA,France,1459,99
GEN,Genoa,1459,1
HOL,Holland,1459,0
HUN,Hungary,1459,0
LIT,Lithuania,1459,0
HSA,Lübeck,1459,0
MAM,Mamluks,1459,77
MNG,Ming,1459,109
MCM,Munster,1459,0
MOS,Muscovy,1459,32
NOR,Norway,1459,0
OIR,Oirat,1459,0
TUR,Ottomans,1459,91
POL,Poland,1459,51
POR,Portugal,1459,0
QAR,Qara Qoyunlu,1459,0
SAV,Savoy,1459,0
SAX,Saxony,1459,0
STE,Stettin,1459,0
SWE,Sweden,1459,0
SYR,Syria,1459,0
TEU,Teutonic Order,1459,0
PAL,The Palatinate,1459,0
PAP,The Papal State,1459,0
TIM,Timurids,1459,43
TUN,Tunis,1459,0
VEN,Venice,1459,19
VIJ,Vijayanagar,1459,44
WBG,Wurzburg,1459,0
ADA,Adal,1460,0
ARA,Aragon,1460,30
ASK,Ashikaga,1460,0
HAB,Austria,1460,0
AYU,Ayutthaya,1460,0
BOH,Bohemia,1460,0
BUR,Burgundy,1460,0
CAS,Castile,1460,54
DAN,Denmark,1460,0
ENG,England,1460,18
ETH,Ethiopia,1460,0
LAN,Florence,1460,0
FRA,France,1460,108
GEN,Genoa,1460,1
HOL,Holland,1460,0
HUN,Hungary,1460,0
LIT,Lithuania,1460,0
HSA,Lübeck,1460,0
MAM,Mamluks,1460,82
MNG,Ming,1460,119
MOS,Muscovy,1460,35
NOR,Norway,1460,0
OIR,Oirat,1460,0
TUR,Ottomans,1460,97
POL,Poland,1460,56
POR,Portugal,1460,0
QAR,Qara Qoyunlu,1460,0
SAV,Savoy,1460,0
SAX,Saxony,1460,0
STE,Stettin,1460,0
SWE,Sweden,1460,0
SYR,Syria,1460,0
TEU,Teutonic Order,1460,0
PAL,The Palatinate,1460,0
PAP,The Papal State,1460,0
TIM,Timurids,1460,43
TUN,Tunis,1460,0
VEN,Venice,1460,26
VIJ,Vijayanagar,1460,49
WBG,Wurzburg,1460,0
ADA,Adal,1461,0
ARA,Aragon,1461,31
ASK,Ashikaga,1461,0
HAB,Austria,1461,0
AYU,Ayutthaya,1461,0
BOH,Bohemia,1461,0
BUR,Burgundy,1461,0
CAS,Castile,1461,55
DAN,Denmark,1461,0
ENG,England,1461,18
ETH,Ethiopia,1461,0
LAN,Florence,1461,0
FRA,France,1461,117
GEN,Genoa,1461,2
HOL,Holland,1461,0
HUN,Hungary,1461,0
LIT,Lithuania,1461,0
HSA,Lübeck,1461,0
MAM,Mamluks,1461,89
MNG,Ming,1461,129
MOS,Muscovy,1461,40
NOR,Norway,1461,0
OIR,Oirat,1461,0
TUR,Ottomans,1461,104
POL,Poland,1461,60
POR,Portugal,1461,0
QAR,Qara Qoyunlu,1461,0
SAV,Savoy,1461,0
SAX,Saxony,1461,0
STE,Stettin,1461,0
SWE,Sweden,1461,0
SYR,Syria,1461,0
TEU,Teutonic Order,1461,0
PAL,The Palatinate,1461,0
PAP,The Papal State,1461,0
TIM,Timurids,1461,43
TUN,Tunis,1461,0
VEN,Venice,1461,32
VIJ,Vijayanagar,1461,54
WBG,Wurzburg,1461,0
ADA,Adal,1462,0
ARA,Aragon,1462,31
ASK,Ashikaga,1462,0
HAB,Austria,1462,0
AYU,Ayutthaya,1462,0
BOH,Bohemia,1462,0
BUR,Burgundy,1462,0
CAS,Castile,1462,56
DAN,Denmark,1462,0
ENG,England,1462,18
ETH,Ethiopia,1462,0
LAN,Florence,1462,0
FRA,France,1462,125
GEN,Genoa,1462,2
HOL,Holland,1462,0
HUN,Hungary,1462,0
LIT,Lithuania,1462,0
HSA,Lübeck,1462,0
MAM,Mamluks,1462,95
MNG,Ming,1462,138
MOS,Muscovy,1462,44
NOR,Norway,1462,0
OIR,Oirat,1462,0
TUR,Ottomans,1462,113
POL,Poland,1462,64
POR,Portugal,1462,0
QAR,Qara Qoyunlu,1462,1
SAV,Savoy,1462,0
SAX,Saxony,1462,0
STE,Stettin,1462,0
SWE,Sweden,1462,0
SYR,Syria,1462,0
TEU,Teutonic Order,1462,0
PAL,The Palatinate,1462,0
PAP,The Papal State,1462,0
TIM,Timurids,1462,43
TUN,Tunis,1462,0
VEN,Venice,1462,37
VIJ,Vijayanagar,1462,59
WBG,Wurzburg,1462,0
ADA,Adal,1463,0
ARA,Aragon,1463,31
ASK,Ashikaga,1463,0
HAB,Austria,1463,0
AYU,Ayutthaya,1463,0
BOH,Bohemia,1463,0
BUR,Burgundy,1463,0
CAS,Castile,1463,56
DAN,Denmark,1463,0
ENG,England,1463,18
ETH,Ethiopia,1463,0
LAN,Florence,1463,0
FRA,France,1463,134
GEN,Genoa,1463,3
HOL,Holland,1463,0
HUN,Hungary,1463,0
LIT,Lithuania,1463,0
HSA,Lübeck,1463,0
MAM,Mamluks,1463,101
MNG,Ming,1463,147
MOS,Muscovy,1463,49
NOR,Norway,1463,0
OIR,Oirat,1463,0
TUR,Ottomans,1463,122
POL,Poland,1463,70
POR,Portugal,1463,0
QAR,Qara Qoyunlu,1463,2
SAV,Savoy,1463,0
SAX,Saxony,1463,0
STE,Stettin,1463,0
SWE,Sweden,1463,0
SYR,Syria,1463,0
TEU,Teutonic Order,1463,0
PAL,The Palatinate,1463,0
PAP,The Papal State,1463,0
TIM,Timurids,1463,43
TUN,Tunis,1463,0
VEN,Venice,1463,43
VIJ,Vijayanagar,1463,64
WBG,Wurzburg,1463,0
ADA,Adal,1464,0
ARA,Aragon,1464,31
ASK,Ashikaga,1464,0
HAB,Austria,1464,0
AYU,Ayutthaya,1464,0
BOH,Bohemia,1464,0
BUR,Burgundy,1464,0
CAS,Castile,1464,56
DAN,Denmark,1464,0
ENG,England,1464,18
ETH,Ethiopia,1464,0
LAN,Florence,1464,0
FRA,France,1464,142
GEN,Genoa,1464,3
HOL,Holland,1464,0
HUN,Hungary,1464,0
LIT,Lithuania,1464,0
HSA,Lübeck,1464,0
MAM,Mamluks,1464,106
MNG,Ming,1464,155
MOS,Muscovy,1464,54
NOR,Norway,1464,0
OIR,Oirat,1464,0
TUR,Ottomans,1464,131
POL,Poland,1464,75
POR,Portugal,1464,0
QAR,Qara Qoyunlu,1464,2
SAV,Savoy,1464,0
SAX,Saxony,1464,0
STE,Stettin,1464,0
SWE,Sweden,1464,0
SYR,Syria,1464,0
TEU,Teutonic Order,1464,0
PAL,The Palatinate,1464,0
PAP,The Papal State,1464,0
TIM,Timurids,1464,43
TUN,Tunis,1464,0
VEN,Venice,1464,50
VIJ,Vijayanagar,1464,70
WBG,Wurzburg,1464,0
ADA,Adal,1465,0
ARA,Aragon,1465,31
ASK,Ashikaga,1465,0
HAB,Austria,1465,0
AYU,Ayutthaya,1465,0
BOH,Bohemia,1465,0
BUR,Burgundy,1465,0
CAS,Castile,1465,59
DAN,Denmark,1465,0
ENG,England,1465,18
ETH,Ethiopia,1465,0
LAN,Florence,1465,0
FRA,France,1465,151
GEN,Genoa,1465,4
HOL,Holland,1465,0
HUN,Hungary,1465,0
LIT,Lithuania,1465,0
HSA,Lübeck,1465,0
MAM,Mamluks,1465,109
MNG,Ming,1465,164
MOS,Muscovy,1465,60
NOR,Norway,1465,0
OIR,Oirat,1465,0
TUR,Ottomans,1465,139
POL,Poland,1465,80
POR,Portugal,1465,0
QAR,Qara Qoyunlu,1465,3
SAV,Savoy,1465,0
SAX,Saxony,1465,0
STE,Stettin,1465,0
SWE,Sweden,1465,1
SYR,Syria,1465,0
TEU,Teutonic Order,1465,0
PAL,The Palatinate,1465,0
PAP,The Papal State,1465,0
TIM,Timurids,1465,43
TUN,Tunis,1465,0
VEN,Venice,1465,58
VIJ,Vijayanagar,1465,76
WBG,Wurzburg,1465,0
ADA,Adal,1466,0
ARA,Aragon,1466,31
ASK,Ashikaga,1466,0
HAB,Austria,1466,0
AYU,Ayutthaya,1466,0
BOH,Bohemia,1466,0
BUR,Burgundy,1466,0
CAS,Castile,1466,63
DAN,Denmark,1466,0
ENG,England,1466,18
ETH,Ethiopia,1466,0
LAN,Florence,1466,0
FRA,France,1466,160
GEN,Genoa,1466,4
HOL,Holland,1466,0
HUN,Hungary,1466,0
LIT,Lithuania,1466,0
HSA,Lübeck,1466,0
MAM,Mamluks,1466,110
MNG,Ming,1466,172
MOS,Muscovy,1466,67
NOR,Norway,1466,0
OIR,Oirat,1466,0
TUR,Ottomans,1466,146
POL,Poland,1466,90
POR,Portugal,1466,0
QAR,Qara Qoyunlu,1466,3
SAV,Savoy,1466,0
SAX,Saxony,1466,0
STE,Stettin,1466,0
SWE,Sweden,1466,1
SYR,Syria,1466,0
TEU,Teutonic Order,1466,0
PAL,The Palatinate,1466,0
PAP,The Papal State,1466,0
TIM,Timurids,1466,43
TUN,Tunis,1466,0
VEN,Venice,1466,63
VIJ,Vijayanagar,1466,81
WBG,Wurzburg,1466,0
ADA,Adal,1467,0
ARA,Aragon,1467,31
ASK,Ashikaga,1467,0
HAB,Austria,1467,0
AYU,Ayutthaya,1467,0
BOH,Bohemia,1467,0
BUR,Burgundy,1467,4
CAS,Castile,1467,67
DAN,Denmark,1467,0
ENG,England,1467,18
ETH,Ethiopia,1467,0
LAN,Florence,1467,0
FRA,France,1467,168
GEN,Genoa,1467,4
HOL,Holland,1467,0
HUN,Hungary,1467,0
LIT,Lithuania,1467,0
HSA,Lübeck,1467,0
MAM,Mamluks,1467,111
MNG,Ming,1467,181
MOS,Muscovy,1467,74
NOR,Norway,1467,0
OIR,Oirat,1467,0
TUR,Ottomans,1467,152
POL,Poland,1467,101
POR,Portugal,1467,0
QAR,Qara Qoyunlu,1467,3
SAV,Savoy,1467,0
SAX,Saxony,1467,0
STE,Stettin,1467,0
SWE,Sweden,1467,1
SYR,Syria,1467,0
TEU,Teutonic Order,1467,0
PAL,The Palatinate,1467,0
PAP,The Papal State,1467,0
TIM,Timurids,1467,43
TUN,Tunis,1467,0
VEN,Venice,1467,69
VIJ,Vijayanagar,1467,85
WBG,Wurzburg,1467,0
ADA,Adal,1468,0
ARA,Aragon,1468,31
ASK,Ashikaga,1468,0
HAB,Austria,1468,0
AYU,Ayutthaya,1468,0
BOH,Bohemia,1468,0
BUR,Burgundy,1468,8
CAS,Castile,1468,72
DAN,Denmark,1468,0
ENG,England,1468,18
ETH,Ethiopia,1468,0
LAN,Florence,1468,0
FRA,France,1468,177
GEN,Genoa,1468,4
HOL,Holland,1468,0
HUN,Hungary,1468,0
LIT,Lithuania,1468,0
HSA,Lübeck,1468,0
MAM,Mamluks,1468,112
MNG,Ming,1468,189
MOS,Muscovy,1468,81
NOR,Norway,1468,0
OIR,Oirat,1468,0
TUR,Ottomans,1468,159
POL,Poland,1468,112
POR,Portugal,1468,0
QAR,Qara Qoyunlu,1468,3
SAV,Savoy,1468,0
SAX,Saxony,1468,0
STE,Stettin,1468,0
SWE,Sweden,1468,1
SYR,Syria,1468,0
TEU,Teutonic Order,1468,0
PAL,The Palatinate,1468,0
PAP,The Papal State,1468,0
TIM,Timurids,1468,44
TUN,Tunis,1468,0
VEN,Venice,1468,74
VIJ,Vijayanagar,1468,88
WBG,Wurzburg,1468,0
ADA,Adal,1469,0
ARA,Aragon,1469,31
ASK,Ashikaga,1469,0
HAB,Austria,1469,0
AYU,Ayutthaya,1469,0
BOH,Bohemia,1469,0
BUR,Burgundy,1469,10
CAS,Castile,1469,77
DAN,Denmark,1469,0
ENG,England,1469,18
ETH,Ethiopia,1469,0
LAN,Florence,1469,0
FRA,France,1469,184
GEN,Genoa,1469,4
HOL,Holland,1469,0
HUN,Hungary,1469,0
LIT,Lithuania,1469,0
HSA,Lübeck,1469,0
MAM,Mamluks,1469,112
MNG,Ming,1469,196
MOS,Muscovy,1469,86
NOR,Norway,1469,0
OIR,Oirat,1469,0
TUR,Ottomans,1469,166
POL,Poland,1469,124
POR,Portugal,1469,0
QAR,Qara Qoyunlu,1469,3
SAV,Savoy,1469,0
SAX,Saxony,1469,0
STE,Stettin,1469,0
SWE,Sweden,1469,1
SYR,Syria,1469,0
TEU,Teutonic Order,1469,0
PAL,The Palatinate,1469,0
PAP,The Papal State,1469,0
TIM,Timurids,1469,50
TUN,Tunis,1469,0
VEN,Venice,1469,78
VIJ,Vijayanagar,1469,94
WBG,Wurzburg,1469,0
ADA,Adal,1470,0
ARA,Aragon,1470,31
ASK,Ashikaga,1470,0
HAB,Austria,1470,0
AYU,Ayutthaya,1470,0
BOH,Bohemia,1470,0
BUR,Burgundy,1470,11
CAS,Castile,1470,83
DAN,Denmark,1470,0
ENG,England,1470,18
ETH,Ethiopia,1470,0
LAN,Florence,1470,0
FRA,France,1470,191
GEN,Genoa,1470,4
HOL,Holland,1470,0
HUN,Hungary,1470,0
LIT,Lithuania,1470,0
HSA,Lübeck,1470,0
MAM,Mamluks,1470,113
MNG,Ming,1470,203
MOS,Muscovy,1470,92
NOR,Norway,1470,0
OIR,Oirat,1470,0
TUR,Ottomans,1470,174
POL,Poland,1470,134
POR,Portugal,1470,0
QAR,Qara Qoyunlu,1470,3
SAV,Savoy,1470,0
SAX,Saxony,1470,0
STE,Stettin,1470,0
SWE,Sweden,1470,1
SYR,Syria,1470,0
TEU,Teutonic Order,1470,0
PAL,The Palatinate,1470,0
PAP,The Papal State,1470,0
TIM,Timurids,1470,56
TUN,Tunis,1470,0
VEN,Venice,1470,82
VIJ,Vijayanagar,1470,101
WBG,Wurzburg,1470,0
ADA,Adal,1471,0
ARA,Aragon,1471,31
ASK,Ashikaga,1471,0
HAB,Austria,1471,0
AYU,Ayutthaya,1471,0
BOH,Bohemia,1471,0
BUR,Burgundy,1471,11
CAS,Castile,1471,90
DAN,Denmark,1471,0
ENG,England,1471,18
ETH,Ethiopia,1471,0
LAN,Florence,1471,0
FRA,France,1471,200
GEN,Genoa,1471,4
HOL,Holland,1471,0
HUN,Hungary,1471,0
LIT,Lithuania,1471,0
HSA,Lübeck,1471,0
MAM,Mamluks,1471,113
MNG,Ming,1471,210
MOS,Muscovy,1471,98
NOR,Norway,1471,0
OIR,Oirat,1471,0
TUR,Ottomans,1471,183
POL,Poland,1471,138
POR,Portugal,1471,0
QAR,Qara Qoyunlu,1471,3
SAV,Savoy,1471,0
SAX,Saxony,1471,0
STE,Stettin,1471,0
SWE,Sweden,1471,1
SYR,Syria,1471,0
TEU,Teutonic Order,1471,0
PAL,The Palatinate,1471,0
PAP,The Papal State,1471,0
TIM,Timurids,1471,62
TUN,Tunis,1471,0
VEN,Venice,1471,90
VIJ,Vijayanagar,1471,108
WBG,Wurzburg,1471,0
ADA,Adal,1472,0
ARA,Aragon,1472,31
ASK,Ashikaga,1472,0
HAB,Austria,1472,0
AYU,Ayutthaya,1472,0
BOH,Bohemia,1472,0
BUR,Burgundy,1472,13
CAS,Castile,1472,97
DAN,Denmark,1472,0
ENG,England,1472,18
ETH,Ethiopia,1472,0
LAN,Florence,1472,0
FRA,France,1472,212
GEN,Genoa,1472,4
HOL,Holland,1472,0
HUN,Hungary,1472,1
LIT,Lithuania,1472,0
HSA,Lübeck,1472,0
MAM,Mamluks,1472,114
MNG,Ming,1472,216
MOS,Muscovy,1472,104
NOR,Norway,1472,0
OIR,Oirat,1472,0
TUR,Ottomans,1472,193
POL,Poland,1472,144
POR,Portugal,1472,0
QAR,Qara Qoyunlu,1472,3
SAV,Savoy,1472,0
SAX,Saxony,1472,0
STE,Stettin,1472,0
SWE,Sweden,1472,1
SYR,Syria,1472,0
TEU,Teutonic Order,1472,0
PAL,The Palatinate,1472,0
PAP,The Papal State,1472,0
TIM,Timurids,1472,69
TUN,Tunis,1472,0
VEN,Venice,1472,90
VIJ,Vijayanagar,1472,115
WBG,Wurzburg,1472,0
ADA,Adal,1473,0
ARA,Aragon,1473,31
ASK,Ashikaga,1473,0
HAB,Austria,1473,0
AYU,Ayutthaya,1473,0
BOH,Bohemia,1473,0
BUR,Burgundy,1473,15
CAS,Castile,1473,104
DAN,Denmark,1473,0
ENG,England,1473,19
ETH,Ethiopia,1473,0
LAN,Florence,1473,0
FRA,France,1473,224
GEN,Genoa,1473,4
HOL,Holland,1473,0
HUN,Hungary,1473,1
LIT,Lithuania,1473,0
HSA,Lübeck,1473,0
MAM,Mamluks,1473,114
MNG,Ming,1473,221
MOS,Muscovy,1473,109
NOR,Norway,1473,0
OIR,Oirat,1473,0
TUR,Ottomans,1473,203
POL,Poland,1473,149
POR,Portugal,1473,0
QAR,Qara Qoyunlu,1473,3
SAV,Savoy,1473,0
SAX,Saxony,1473,0
STE,Stettin,1473,0
SWE,Sweden,1473,1
SYR,Syria,1473,0
TEU,Teutonic Order,1473,0
PAL,The Palatinate,1473,0
PAP,The Papal State,1473,0
TIM,Timurids,1473,77
TUN,Tunis,1473,0
VEN,Venice,1473,90
VIJ,Vijayanagar,1473,124
WBG,Wurzburg,1473,0
ADA,Adal,1474,0
ARA,Aragon,1474,31
ASK,Ashikaga,1474,0
HAB,Austria,1474,0
AYU,Ayutthaya,1474,0
BOH,Bohemia,1474,0
BUR,Burgundy,1474,16
CAS,Castile,1474,111
DAN,Denmark,1474,0
ENG,England,1474,26
ETH,Ethiopia,1474,0
LAN,Florence,1474,0
FRA,France,1474,236
GEN,Genoa,1474,4
HOL,Holland,1474,0
HUN,Hungary,1474,1
LIT,Lithuania,1474,0
HSA,Lübeck,1474,0
MAM,Mamluks,1474,114
MNG,Ming,1474,224
MOS,Muscovy,1474,113
NOR,Norway,1474,0
OIR,Oirat,1474,0
TUR,Ottomans,1474,213
POL,Poland,1474,156
POR,Portugal,1474,0
QAR,Qara Qoyunlu,1474,3
SAV,Savoy,1474,0
SAX,Saxony,1474,0
STE,Stettin,1474,0
SWE,Sweden,1474,1
SYR,Syria,1474,0
TEU,Teutonic Order,1474,0
PAL,The Palatinate,1474,0
PAP,The Papal State,1474,0
TIM,Timurids,1474,84
TUN,Tunis,1474,0
VEN,Venice,1474,90
VIJ,Vijayanagar,1474,132
WBG,Wurzburg,1474,0
ADA,Adal,1475,0
ARA,Aragon,1475,31
ASK,Ashikaga,1475,0
HAB,Austria,1475,0
AYU,Ayutthaya,1475,0
BOH,Bohemia,1475,0
BUR,Burgundy,1475,17
CAS,Castile,1475,115
DAN,Denmark,1475,0
ENG,England,1475,30
ETH,Ethiopia,1475,0
LAN,Florence,1475,1
FRA,France,1475,248
GEN,Genoa,1475,4
HOL,Holland,1475,0
HUN,Hungary,1475,1
LIT,Lithuania,1475,0
HSA,Lübeck,1475,0
MAM,Mamluks,1475,114
MNG,Ming,1475,227
MOS,Muscovy,1475,119
NOR,Norway,1475,0
OIR,Oirat,1475,0
TUR,Ottomans,1475,223
POL,Poland,1475,163
POR,Portugal,1475,0
QAR,Qara Qoyunlu,1475,3
SAV,Savoy,1475,0
SAX,Saxony,1475,0
STE,Stettin,1475,0
SWE,Sweden,1475,1
SYR,Syria,1475,0
TEU,Teutonic Order,1475,0
PAL,The Palatinate,1475,0
PAP,The Papal State,1475,0
TIM,Timurids,1475,91
TUN,Tunis,1475,0
VEN,Venice,1475,90
VIJ,Vijayanagar,1475,141
WBG,Wurzburg,1475,0
ADA,Adal,1476,0
ARA,Aragon,1476,31
ASK,Ashikaga,1476,0
HAB,Austria,1476,0
AYU,Ayutthaya,1476,0
BOH,Bohemia,1476,0
BUR,Burgundy,1476,21
CAS,Castile,1476,115
DAN,Denmark,1476,0
ENG,England,1476,35
ETH,Ethiopia,1476,0
LAN,Florence,1476,1
FRA,France,1476,260
GEN,Genoa,1476,4
HOL,Holland,1476,0
HUN,Hungary,1476,1
LIT,Lithuania,1476,0
HSA,Lübeck,1476,0
MAM,Mamluks,1476,114
MNG,Ming,1476,231
MOS,Muscovy,1476,125
NOR,Norway,1476,0
OIR,Oirat,1476,0
TUR,Ottomans,1476,233
POL,Poland,1476,170
POR,Portugal,1476,0
QAR,Qara Qoyunlu,1476,3
SAV,Savoy,1476,0
SAX,Saxony,1476,0
STE,Stettin,1476,0
SWE,Sweden,1476,1
SYR,Syria,1476,0
TEU,Teutonic Order,1476,0
PAL,The Palatinate,1476,0
PAP,The Papal State,1476,0
TIM,Timurids,1476,99
TUN,Tunis,1476,0
VEN,Venice,1476,90
VIJ,Vijayanagar,1476,151
WBG,Wurzburg,1476,0
ADA,Adal,1477,0
ARA,Aragon,1477,31
ASK,Ashikaga,1477,0
HAB,Austria,1477,0
AYU,Ayutthaya,1477,0
BOH,Bohemia,1477,0
BUR,Burgundy,1477,27
CAS,Castile,1477,116
DAN,Denmark,1477,0
ENG,England,1477,39
ETH,Ethiopia,1477,0
LAN,Florence,1477,1
FRA,France,1477,270
GEN,Genoa,1477,4
HOL,Holland,1477,0
HUN,Hungary,1477,2
LIT,Lithuania,1477,0
HSA,Lübeck,1477,0
MAM,Mamluks,1477,114
MNG,Ming,1477,235
MOS,Muscovy,1477,132
NOR,Norway,1477,0
OIR,Oirat,1477,0
TUR,Ottomans,1477,244
POL,Poland,1477,177
POR,Portugal,1477,0
QAR,Qara Qoyunlu,1477,3
SAV,Savoy,1477,0
SAX,Saxony,1477,0
STE,Stettin,1477,0
SWE,Sweden,1477,1
SYR,Syria,1477,0
TEU,Teutonic Order,1477,0
PAL,The Palatinate,1477,0
PAP,The Papal State,1477,0
TIM,Timurids,1477,106
TUN,Tunis,1477,0
VEN,Venice,1477,90
VIJ,Vijayanagar,1477,161
WBG,Wurzburg,1477,0
ADA,Adal,1478,0
ARA,Aragon,1478,31
ASK,Ashikaga,1478,0
HAB,Austria,1478,0
AYU,Ayutthaya,1478,0
BOH,Bohemia,1478,0
BUR,Burgundy,1478,31
CAS,Castile,1478,119
DAN,Denmark,1478,0
ENG,England,1478,42
ETH,Ethiopia,1478,0
LAN,Florence,1478,1
FRA,France,1478,280
GEN,Genoa,1478,4
HOL,Holland,1478,0
HUN,Hungary,1478,2
LIT,Lithuania,1478,0
HSA,Lübeck,1478,0
MAM,Mamluks,1478,114
MNG,Ming,1478,247
MOS,Muscovy,1478,137
NOR,Norway,1478,0
OIR,Oirat,1478,0
TUR,Ottomans,1478,254
POL,Poland,1478,185
POR,Portugal,1478,0
QAR,Qara Qoyunlu,1478,3
SAV,Savoy,1478,0
SAX,Saxony,1478,0
STE,Stettin,1478,0
SWE,Sweden,1478,1
SYR,Syria,1478,0
TEU,Teutonic Order,1478,0
PAL,The Palatinate,1478,0
PAP,The Papal State,1478,0
TIM,Timurids,1478,111
TUN,Tunis,1478,0
VEN,Venice,1478,90
VIJ,Vijayanagar,1478,168
WBG,Wurzburg,1478,0
ADA,Adal,1479,0
ARA,Aragon,1479,31
ASK,Ashikaga,1479,0
HAB,Austria,1479,0
AYU,Ayutthaya,1479,0
BOH,Bohemia,1479,0
BUR,Burgundy,1479,35
CAS,Castile,1479,127
DAN,Denmark,1479,0
ENG,England,1479,48
ETH,Ethiopia,1479,0
LAN,Florence,1479,1
FRA,France,1479,291
GEN,Genoa,1479,4
HOL,Holland,1479,0
HUN,Hungary,1479,2
LIT,Lithuania,1479,0
HSA,Lübeck,1479,0
MAM,Mamluks,1479,115
MNG,Ming,1479,259
MOS,Muscovy,1479,142
NOR,Norway,1479,0
OIR,Oirat,1479,0
TUR,Ottomans,1479,265
POL,Poland,1479,192
POR,Portugal,1479,0
QAR,Qara Qoyunlu,1479,3
SAV,Savoy,1479,0
SAX,Saxony,1479,0
STE,Stettin,1479,0
SWE,Sweden,1479,1
SYR,Syria,1479,0
TEU,Teutonic Order,1479,0
PAL,The Palatinate,1479,1
PAP,The Papal State,1479,0
TIM,Timurids,1479,117
TUN,Tunis,1479,0
VEN,Venice,1479,90
VIJ,Vijayanagar,1479,169
WBG,Wurzburg,1479,0
ADA,Adal,1480,0
ARA,Aragon,1480,31
ASK,Ashikaga,1480,0
HAB,Austria,1480,0
AYU,Ayutthaya,1480,0
BOH,Bohemia,1480,0
BUR,Burgundy,1480,39
CAS,Castile,1480,133
DAN,Denmark,1480,0
ENG,England,1480,53
ETH,Ethiopia,1480,0
LAN,Florence,1480,1
FRA,France,1480,303
GEN,Genoa,1480,4
HOL,Holland,1480,0
HUN,Hungary,1480,2
LIT,Lithuania,1480,0
HSA,Lübeck,1480,0
MAM,Mamluks,1480,119
MNG,Ming,1480,270
MOS,Muscovy,1480,147
NOR,Norway,1480,0
OIR,Oirat,1480,0
TUR,Ottomans,1480,274
POL,Poland,1480,200
POR,Portugal,1480,0
QAR,Qara Qoyunlu,1480,3
SAV,Savoy,1480,0
SAX,Saxony,1480,0
STE,Stettin,1480,0
SWE,Sweden,1480,1
SYR,Syria,1480,0
TEU,Teutonic Order,1480,0
PAL,The Palatinate,1480,1
PAP,The Papal State,1480,0
TIM,Timurids,1480,125
TUN,Tunis,1480,0
VEN,Venice,1480,90
VIJ,Vijayanagar,1480,169
WBG,Wurzburg,1480,0
ADA,Adal,1481,0
ARA,Aragon,1481,31
ASK,Ashikaga,1481,0
HAB,Austria,1481,0
AYU,Ayutthaya,1481,0
BOH,Bohemia,1481,0
BUR,Burgundy,1481,43
CAS,Castile,1481,137
DAN,Denmark,1481,0
ENG,England,1481,57
ETH,Ethiopia,1481,0
LAN,Florence,1481,1
FRA,France,1481,314
GEN,Genoa,1481,4
HOL,Holland,1481,0
HUN,Hungary,1481,2
LIT,Lithuania,1481,0
HSA,Lübeck,1481,0
MAM,Mamluks,1481,127
MNG,Ming,1481,283
MOS,Muscovy,1481,154
NOR,Norway,1481,0
OIR,Oirat,1481,0
TUR,Ottomans,1481,281
POL,Poland,1481,207
POR,Portugal,1481,0
QAR,Qara Qoyunlu,1481,3
SAV,Savoy,1481,0
SAX,Saxony,1481,0
STE,Stettin,1481,0
SWE,Sweden,1481,1
SYR,Syria,1481,0
TEU,Teutonic Order,1481,0
PAL,The Palatinate,1481,1
PAP,The Papal State,1481,0
TIM,Timurids,1481,132
TUN,Tunis,1481,0
VEN,Venice,1481,90
VIJ,Vijayanagar,1481,169
WBG,Wurzburg,1481,0
ADA,Adal,1482,0
ARA,Aragon,1482,31
ASK,Ashikaga,1482,0
HAB,Austria,1482,0
AYU,Ayutthaya,1482,0
BOH,Bohemia,1482,0
BUR,Burgundy,1482,46
CAS,Castile,1482,142
DAN,Denmark,1482,0
ENG,England,1482,62
ETH,Ethiopia,1482,0
LAN,Florence,1482,1
FRA,France,1482,324
GEN,Genoa,1482,4
HOL,Holland,1482,0
HUN,Hungary,1482,2
LIT,Lithuania,1482,0
HSA,Lübeck,1482,0
MAM,Mamluks,1482,134
MNG,Ming,1482,296
MOS,Muscovy,1482,161
NOR,Norway,1482,0
OIR,Oirat,1482,0
TUR,Ottomans,1482,289
POL,Poland,1482,216
POR,Portugal,1482,0
QAR,Qara Qoyunlu,1482,3
SAV,Savoy,1482,0
SAX,Saxony,1482,0
STE,Stettin,1482,0
SWE,Sweden,1482,1
SYR,Syria,1482,0
TEU,Teutonic Order,1482,0
PAL,The Palatinate,1482,1
PAP,The Papal State,1482,0
TIM,Timurids,1482,137
TUN,Tunis,1482,0
VEN,Venice,1482,90
VIJ,Vijayanagar,1482,169
WBG,Wurzburg,1482,0
ADA,Adal,1483,0
ARA,Aragon,1483,31
ASK,Ashikaga,1483,0
HAB,Austria,1483,0
AYU,Ayutthaya,1483,0
BOH,Bohemia,1483,0
BUR,Burgundy,1483,46
CAS,Castile,1483,147
DAN,Denmark,1483,0
ENG,England,1483,68
ETH,Ethiopia,1483,0
LAN,Florence,1483,1
FRA,France,1483,336
GEN,Genoa,1483,4
HOL,Holland,1483,0
HUN,Hungary,1483,2
LIT,Lithuania,1483,0
HSA,Lübeck,1483,0
MAM,Mamluks,1483,142
MNG,Ming,1483,310
MOS,Muscovy,1483,168
NOR,Norway,1483,0
OIR,Oirat,1483,0
TUR,Ottomans,1483,298
POL,Poland,1483,225
POR,Portugal,1483,0
QAR,Qara Qoyunlu,1483,3
SAV,Savoy,1483,0
SAX,Saxony,1483,0
STE,Stettin,1483,0
SWE,Sweden,1483,1
SYR,Syria,1483,0
TEU,Teutonic Order,1483,0
PAL,The Palatinate,1483,1
PAP,The Papal State,1483,0
TIM,Timurids,1483,141
TUN,Tunis,1483,0
VEN,Venice,1483,90
VIJ,Vijayanagar,1483,169
WBG,Wurzburg,1483,0
ADA,Adal,1484,0
ARA,Aragon,1484,31
ASK,Ashikaga,1484,0
HAB,Austria,1484,0
AYU,Ayutthaya,1484,0
BOH,Bohemia,1484,0
BUR,Burgundy,1484,46
CAS,Castile,1484,153
DAN,Denmark,1484,0
ENG,England,1484,73
ETH,Ethiopia,1484,0
LAN,Florence,1484,1
FRA,France,1484,346
GEN,Genoa,1484,4
HOL,Holland,1484,0
HUN,Hungary,1484,3
LIT,Lithuania,1484,0
HSA,Lübeck,1484,0
MAM,Mamluks,1484,150
MNG,Ming,1484,323
MOS,Muscovy,1484,175
NOR,Norway,1484,0
OIR,Oirat,1484,0
TUR,Ottomans,1484,309
POL,Poland,1484,235
POR,Portugal,1484,0
QAR,Qara Qoyunlu,1484,3
SAV,Savoy,1484,0
SAX,Saxony,1484,0
STE,Stettin,1484,0
SWE,Sweden,1484,1
SYR,Syria,1484,0
TEU,Teutonic Order,1484,0
PAL,The Palatinate,1484,1
PAP,The Papal State,1484,0
TIM,Timurids,1484,146
TUN,Tunis,1484,0
VEN,Venice,1484,90
VIJ,Vijayanagar,1484,169
WBG,Wurzburg,1484,0
ADA,Adal,1485,0
ARA,Aragon,1485,31
ASK,Ashikaga,1485,0
HAB,Austria,1485,0
AYU,Ayutthaya,1485,0
BOH,Bohemia,1485,0
BUR,Burgundy,1485,46
CAS,Castile,1485,160
DAN,Denmark,1485,0
ENG,England,1485,78
ETH,Ethiopia,1485,0
LAN,Florence,1485,1
FRA,France,1485,356
GEN,Genoa,1485,4
HOL,Holland,1485,0
HUN,Hungary,1485,4
LIT,Lithuania,1485,0
HSA,Lübeck,1485,0
MAM,Mamluks,1485,159
MNG,Ming,1485,336
MOS,Muscovy,1485,180
NOR,Norway,1485,0
OIR,Oirat,1485,0
TUR,Ottomans,1485,320
POL,Poland,1485,245
POR,Portugal,1485,0
QAR,Qara Qoyunlu,1485,3
SAV,Savoy,1485,0
SAX,Saxony,1485,0
STE,Stettin,1485,0
SWE,Sweden,1485,1
SYR,Syria,1485,0
TEU,Teutonic Order,1485,0
PAL,The Palatinate,1485,1
PAP,The Papal State,1485,0
TIM,Timurids,1485,149
TUN,Tunis,1485,0
VEN,Venice,1485,90
VIJ,Vijayanagar,1485,170
WBG,Wurzburg,1485,0
ADA,Adal,1486,0
ARA,Aragon,1486,31
ASK,Ashikaga,1486,0
HAB,Austria,1486,0
AYU,Ayutthaya,1486,0
BOH,Bohemia,1486,0
BUR,Burgundy,1486,46
CAS,Castile,1486,166
DAN,Denmark,1486,0
ENG,England,1486,82
ETH,Ethiopia,1486,0
LAN,Florence,1486,1
FRA,France,1486,367
GEN,Genoa,1486,4
HOL,Holland,1486,0
HUN,Hungary,1486,5
LIT,Lithuania,1486,0
HSA,Lübeck,1486,0
MAM,Mamluks,1486,168
MNG,Ming,1486,350
MOS,Muscovy,1486,186
NOR,Norway,1486,0
OIR,Oirat,1486,0
TUR,Ottomans,1486,331
POL,Poland,1486,255
POR,Portugal,1486,0
QAR,Qara Qoyunlu,1486,3
SAV,Savoy,1486,0
SAX,Saxony,1486,0
STE,Stettin,1486,0
SWE,Sweden,1486,1
SYR,Syria,1486,0
TEU,Teutonic Order,1486,0
PAL,The Palatinate,1486,1
PAP,The Papal State,1486,0
TIM,Timurids,1486,149
TUN,Tunis,1486,0
VEN,Venice,1486,90
VIJ,Vijayanagar,1486,170
WBG,Wurzburg,1486,0
ADA,Adal,1487,0
ARA,Aragon,1487,31
ASK,Ashikaga,1487,0
HAB,Austria,1487,0
AYU,Ayutthaya,1487,0
BOH,Bohemia,1487,0
BUR,Burgundy,1487,46
CAS,Castile,1487,173
DAN,Denmark,1487,0
ENG,England,1487,88
ETH,Ethiopia,1487,0
LAN,Florence,1487,1
FRA,France,1487,379
GEN,Genoa,1487,4
HOL,Holland,1487,0
HUN,Hungary,1487,7
LIT,Lithuania,1487,0
HSA,Lübeck,1487,0
MAM,Mamluks,1487,175
MNG,Ming,1487,364
MOS,Muscovy,1487,193
NOR,Norway,1487,0
OIR,Oirat,1487,0
TUR,Ottomans,1487,342
POL,Poland,1487,266
POR,Portugal,1487,0
QAR,Qara Qoyunlu,1487,3
SAV,Savoy,1487,0
SAX,Saxony,1487,0
STE,Stettin,1487,0
SWE,Sweden,1487,1
SYR,Syria,1487,0
TEU,Teutonic Order,1487,0
PAL,The Palatinate,1487,1
PAP,The Papal State,1487,0
TIM,Timurids,1487,149
TUN,Tunis,1487,0
VEN,Venice,1487,90
VIJ,Vijayanagar,1487,170
WBG,Wurzburg,1487,0
ADA,Adal,1488,0
ARA,Aragon,1488,31
ASK,Ashikaga,1488,0
HAB,Austria,1488,0
AYU,Ayutthaya,1488,0
BOH,Bohemia,1488,0
BUR,Burgundy,1488,46
CAS,Castile,1488,179
DAN,Denmark,1488,0
ENG,England,1488,93
ETH,Ethiopia,1488,0
LAN,Florence,1488,1
FRA,France,1488,391
GEN,Genoa,1488,4
HOL,Holland,1488,0
HUN,Hungary,1488,11
LIT,Lithuania,1488,0
HSA,Lübeck,1488,0
MAM,Mamluks,1488,182
MNG,Ming,1488,379
MOS,Muscovy,1488,200
NOR,Norway,1488,0
OIR,Oirat,1488,0
TUR,Ottomans,1488,353
POL,Poland,1488,276
POR,Portugal,1488,0
QAR,Qara Qoyunlu,1488,3
SAV,Savoy,1488,0
SAX,Saxony,1488,0
STE,Stettin,1488,0
SWE,Sweden,1488,1
SYR,Syria,1488,0
TEU,Teutonic Order,1488,0
PAL,The Palatinate,1488,1
PAP,The Papal State,1488,0
TIM,Timurids,1488,149
TUN,Tunis,1488,0
VEN,Venice,1488,90
VIJ,Vijayanagar,1488,171
WBG,Wurzburg,1488,0
ADA,Adal,1489,0
ARA,Aragon,1489,31
ASK,Ashikaga,1489,0
HAB,Austria,1489,0
AYU,Ayutthaya,1489,0
BOH,Bohemia,1489,0
BUR,Burgundy,1489,46
CAS,Castile,1489,185
DAN,Denmark,1489,0
ENG,England,1489,99
ETH,Ethiopia,1489,0
LAN,Florence,1489,1
FRA,France,1489,402
GEN,Genoa,1489,4
HOL,Holland,1489,0
HUN,Hungary,1489,17
LIT,Lithuania,1489,0
HSA,Lübeck,1489,0
MAM,Mamluks,1489,191
MNG,Ming,1489,393
MOS,Muscovy,1489,209
NOR,Norway,1489,0
OIR,Oirat,1489,0
TUR,Ottomans,1489,361
POL,Poland,1489,286
POR,Portugal,1489,0
QAR,Qara Qoyunlu,1489,3
SAV,Savoy,1489,0
SAX,Saxony,1489,0
STE,Stettin,1489,0
SWE,Sweden,1489,2
SYR,Syria,1489,0
TEU,Teutonic Order,1489,0
PAL,The Palatinate,1489,1
PAP,The Papal State,1489,0
TIM,Timurids,1489,149
TUN,Tunis,1489,0
VEN,Venice,1489,90
VIJ,Vijayanagar,1489,171
WBG,Wurzburg,1489,0
ADA,Adal,1490,0
ARA,Aragon,1490,31
ASK,Ashikaga,1490,0
HAB,Austria,1490,0
AYU,Ayutthaya,1490,0
BOH,Bohemia,1490,0
BUR,Burgundy,1490,46
CAS,Castile,1490,190
DAN,Denmark,1490,0
ENG,England,1490,105
ETH,Ethiopia,1490,0
LAN,Florence,1490,1
FRA,France,1490,414
GEN,Genoa,1490,4
HOL,Holland,1490,0
HUN,Hungary,1490,23
LIT,Lithuania,1490,0
HSA,Lübeck,1490,0
MAM,Mamluks,1490,198
MNG,Ming,1490,408
MOS,Muscovy,1490,218
NOR,Norway,1490,0
OIR,Oirat,1490,0
TUR,Ottomans,1490,370
POL,Poland,1490,295
POR,Portugal,1490,0
QAR,Qara Qoyunlu,1490,3
SAV,Savoy,1490,0
SAX,Saxony,1490,0
STE,Stettin,1490,0
SWE,Sweden,1490,2
SYR,Syria,1490,0
TEU,Teutonic Order,1490,0
PAL,The Palatinate,1490,1
PAP,The Papal State,1490,0
TIM,Timurids,1490,149
TUN,Tunis,1490,0
VEN,Venice,1490,90
VIJ,Vijayanagar,1490,172
WBG,Wurzburg,1490,0
ADA,Adal,1491,0
ARA,Aragon,1491,31
ASK,Ashikaga,1491,0
HAB,Austria,1491,0
AYU,Ayutthaya,1491,0
BOH,Bohemia,1491,0
BUR,Burgundy,1491,46
CAS,Castile,1491,198
DAN,Denmark,1491,0
ENG,England,1491,112
ETH,Ethiopia,1491,0
LAN,Florence,1491,1
FRA,France,1491,426
GEN,Genoa,1491,4
HOL,Holland,1491,0
HUN,Hungary,1491,32
LIT,Lithuania,1491,0
HSA,Lübeck,1491,0
MAM,Mamluks,1491,199
MNG,Ming,1491,422
MOS,Muscovy,1491,227
NOR,Norway,1491,0
OIR,Oirat,1491,0
TUR,Ottomans,1491,379
POL,Poland,1491,305
POR,Portugal,1491,0
QAR,Qara Qoyunlu,1491,3
SAV,Savoy,1491,0
SAX,Saxony,1491,0
STE,Stettin,1491,0
SWE,Sweden,1491,2
SYR,Syria,1491,0
TEU,Teutonic Order,1491,0
PAL,The Palatinate,1491,1
PAP,The Papal State,1491,0
TIM,Timurids,1491,149
TUN,Tunis,1491,0
VEN,Venice,1491,90
VIJ,Vijayanagar,1491,173
WBG,Wurzburg,1491,0
ADA,Adal,1492,0
ARA,Aragon,1492,31
ASK,Ashikaga,1492,0
HAB,Austria,1492,0
AYU,Ayutthaya,1492,0
BOH,Bohemia,1492,0
BUR,Burgundy,1492,46
CAS,Castile,1492,205
DAN,Denmark,1492,0
ENG,England,1492,118
ETH,Ethiopia,1492,0
LAN,Florence,1492,1
FRA,France,1492,438
GEN,Genoa,1492,4
HOL,Holland,1492,0
HUN,Hungary,1492,42
LIT,Lithuania,1492,0
HSA,Lübeck,1492,0
MAM,Mamluks,1492,200
MNG,Ming,1492,436
MOS,Muscovy,1492,236
NOR,Norway,1492,0
OIR,Oirat,1492,0
TUR,Ottomans,1492,389
POL,Poland,1492,314
POR,Portugal,1492,0
QAR,Qara Qoyunlu,1492,3
SAV,Savoy,1492,0
SAX,Saxony,1492,0
STE,Stettin,1492,0
SWE,Sweden,1492,3
SYR,Syria,1492,0
TEU,Teutonic Order,1492,0
PAL,The Palatinate,1492,1
PAP,The Papal State,1492,0
TIM,Timurids,1492,149
TUN,Tunis,1492,0
VEN,Venice,1492,90
VIJ,Vijayanagar,1492,174
WBG,Wurzburg,1492,0
ADA,Adal,1493,0
ARA,Aragon,1493,31
ASK,Ashikaga,1493,0
HAB,Austria,1493,0
AYU,Ayutthaya,1493,0
BOH,Bohemia,1493,0
BUR,Burgundy,1493,46
CAS,Castile,1493,214
DAN,Denmark,1493,0
ENG,England,1493,123
ETH,Ethiopia,1493,0
LAN,Florence,1493,1
FRA,France,1493,449
GEN,Genoa,1493,4
HOL,Holland,1493,0
HUN,Hungary,1493,52
LIT,Lithuania,1493,0
HSA,Lübeck,1493,0
MAM,Mamluks,1493,201
MNG,Ming,1493,450
MOS,Muscovy,1493,246
NOR,Norway,1493,0
OIR,Oirat,1493,0
TUR,Ottomans,1493,399
POL,Poland,1493,322
POR,Portugal,1493,0
QAR,Qara Qoyunlu,1493,3
SAV,Savoy,1493,0
SAX,Saxony,1493,0
STE,Stettin,1493,0
SWE,Sweden,1493,3
SYR,Syria,1493,0
TEU,Teutonic Order,1493,0
PAL,The Palatinate,1493,1
PAP,The Papal State,1493,0
TIM,Timurids,1493,149
TUN,Tunis,1493,0
VEN,Venice,1493,90
VIJ,Vijayanagar,1493,175
WBG,Wurzburg,1493,0
ADA,Adal,1494,0
ARA,Aragon,1494,31
ASK,Ashikaga,1494,0
HAB,Austria,1494,0
AYU,Ayutthaya,1494,0
BOH,Bohemia,1494,0
BUR,Burgundy,1494,46
CAS,Castile,1494,223
DAN,Denmark,1494,0
ENG,England,1494,129
ETH,Ethiopia,1494,0
LAN,Florence,1494,1
FRA,France,1494,462
GEN,Genoa,1494,4
HOL,Holland,1494,0
HUN,Hungary,1494,60
LIT,Lithuania,1494,0
HSA,Lübeck,1494,0
MAM,Mamluks,1494,202
MNG,Ming,1494,465
MOS,Muscovy,1494,255
NOR,Norway,1494,0
OIR,Oirat,1494,0
TUR,Ottomans,1494,410
POL,Poland,1494,330
POR,Portugal,1494,0
QAR,Qara Qoyunlu,1494,3
SAV,Savoy,1494,0
SAX,Saxony,1494,0
STE,Stettin,1494,0
SWE,Sweden,1494,4
SYR,Syria,1494,0
TEU,Teutonic Order,1494,0
PAL,The Palatinate,1494,1
PAP,The Papal State,1494,0
TIM,Timurids,1494,149
TUN,Tunis,1494,0
VEN,Venice,1494,90
VIJ,Vijayanagar,1494,176
WBG,Wurzburg,1494,0
ADA,Adal,1495,0
ARA,Aragon,1495,31
ASK,Ashikaga,1495,0
HAB,Austria,1495,0
AYU,Ayutthaya,1495,0
BOH,Bohemia,1495,0
BUR,Burgundy,1495,46
CAS,Castile,1495,231
DAN,Denmark,1495,0
ENG,England,1495,136
ETH,Ethiopia,1495,0
LAN,Florence,1495,1
FRA,France,1495,476
GEN,Genoa,1495,4
HOL,Holland,1495,0
HUN,Hungary,1495,67
LIT,Lithuania,1495,0
HSA,Lübeck,1495,0
MAM,Mamluks,1495,203
MNG,Ming,1495,480
MOS,Muscovy,1495,264
NOR,Norway,1495,0
OIR,Oirat,1495,0
TUR,Ottomans,1495,422
POL,Poland,1495,338
POR,Portugal,1495,0
QAR,Qara Qoyunlu,1495,3
SAV,Savoy,1495,0
SAX,Saxony,1495,0
STE,Stettin,1495,0
SWE,Sweden,1495,5
SYR,Syria,1495,0
TEU,Teutonic Order,1495,0
PAL,The Palatinate,1495,1
PAP,The Papal State,1495,0
TIM,Timurids,1495,149
TUN,Tunis,1495,0
VEN,Venice,1495,90
VIJ,Vijayanagar,1495,177
WBG,Wurzburg,1495,0
ADA,Adal,1496,0
ARA,Aragon,1496,31
ASK,Ashikaga,1496,0
HAB,Austria,1496,0
AYU,Ayutthaya,1496,0
BOH,Bohemia,1496,0
BUR,Burgundy,1496,46
CAS,Castile,1496,238
DAN,Denmark,1496,0
ENG,England,1496,144
ETH,Ethiopia,1496,0
LAN,Florence,1496,1
FRA,France,1496,489
GEN,Genoa,1496,4
HOL,Holland,1496,0
HUN,Hungary,1496,74
LIT,Lithuania,1496,0
HSA,Lübeck,1496,0
MAM,Mamluks,1496,204
MNG,Ming,1496,495
MOS,Muscovy,1496,273
NOR,Norway,1496,0
OIR,Oirat,1496,0
TUR,Ottomans,1496,433
POL,Poland,1496,348
POR,Portugal,1496,0
QAR,Qara Qoyunlu,1496,3
SAV,Savoy,1496,0
SAX,Saxony,1496,0
STE,Stettin,1496,0
SWE,Sweden,1496,5
SYR,Syria,1496,0
TEU,Teutonic Order,1496,0
PAL,The Palatinate,1496,1
PAP,The Papal State,1496,0
TIM,Timurids,1496,149
TUN,Tunis,1496,0
VEN,Venice,1496,90
VIJ,Vijayanagar,1496,178
WBG,Wurzburg,1496,0
ADA,Adal,1497,0
ARA,Aragon,1497,31
ASK,Ashikaga,1497,0
HAB,Austria,1497,0
AYU,Ayutthaya,1497,0
BOH,Bohemia,1497,0
BUR,Burgundy,1497,46
CAS,Castile,1497,247
DAN,Denmark,1497,0
ENG,England,1497,151
ETH,Ethiopia,1497,0
LAN,Florence,1497,1
FRA,France,1497,502
GEN,Genoa,1497,4
HOL,Holland,1497,0
HUN,Hungary,1497,81
LIT,Lithuania,1497,0
HSA,Lübeck,1497,0
MAM,Mamluks,1497,205
MNG,Ming,1497,509
MOS,Muscovy,1497,282
NOR,Norway,1497,0
OIR,Oirat,1497,0
TUR,Ottomans,1497,443
POL,Poland,1497,359
POR,Portugal,1497,0
QAR,Qara Qoyunlu,1497,3
SAV,Savoy,1497,0
SAX,Saxony,1497,0
STE,Stettin,1497,0
SWE,Sweden,1497,6
SYR,Syria,1497,0
TEU,Teutonic Order,1497,0
PAL,The Palatinate,1497,1
PAP,The Papal State,1497,0
TIM,Timurids,1497,149
TUN,Tunis,1497,0
VEN,Venice,1497,90
VIJ,Vijayanagar,1497,179
WBG,Wurzburg,1497,0
ADA,Adal,1498,0
ARA,Aragon,1498,31
ASK,Ashikaga,1498,0
HAB,Austria,1498,0
AYU,Ayutthaya,1498,0
BOH,Bohemia,1498,0
BUR,Burgundy,1498,46
CAS,Castile,1498,256
DAN,Denmark,1498,0
ENG,England,1498,158
ETH,Ethiopia,1498,0
LAN,Florence,1498,1
FRA,France,1498,517
GEN,Genoa,1498,4
HOL,Holland,1498,0
HUN,Hungary,1498,88
LIT,Lithuania,1498,0
HSA,Lübeck,1498,0
MAM,Mamluks,1498,206
MNG,Ming,1498,522
MOS,Muscovy,1498,291
NOR,Norway,1498,0
OIR,Oirat,1498,0
TUR,Ottomans,1498,453
POL,Poland,1498,371
POR,Portugal,1498,0
QAR,Qara Qoyunlu,1498,3
SAV,Savoy,1498,0
SAX,Saxony,1498,0
STE,Stettin,1498,0
SWE,Sweden,1498,6
SYR,Syria,1498,0
TEU,Teutonic Order,1498,0
PAL,The Palatinate,1498,1
PAP,The Papal State,1498,0
TIM,Timurids,1498,149
TUN,Tunis,1498,0
VEN,Venice,1498,90
VIJ,Vijayanagar,1498,180
WBG,Wurzburg,1498,0
ADA,Adal,1499,0
ARA,Aragon,1499,31
HAB,Austria,1499,0
AYU,Ayutthaya,1499,0
BOH,Bohemia,1499,0
BUR,Burgundy,1499,46
CAS,Castile,1499,265
DAN,Denmark,1499,0
ENG,England,1499,165
ETH,Ethiopia,1499,0
LAN,Florence,1499,1
FRA,France,1499,532
GEN,Genoa,1499,4
HOL,Holland,1499,0
HUN,Hungary,1499,96
JAP,Japan,1499,0
LIT,Lithuania,1499,0
HSA,Lübeck,1499,0
MAM,Mamluks,1499,207
MNG,Ming,1499,535
MOS,Muscovy,1499,302
NOR,Norway,1499,0
OIR,Oirat,1499,0
TUR,Ottomans,1499,463
POL,Poland,1499,382
POR,Portugal,1499,0
QAR,Qara Qoyunlu,1499,3
SAV,Savoy,1499,0
SAX,Saxony,1499,0
STE,Stettin,1499,0
SWE,Sweden,1499,7
SYR,Syria,1499,0
TEU,Teutonic Order,1499,0
PAL,The Palatinate,1499,1
PAP,The Papal State,1499,0
TIM,Timurids,1499,149
TUN,Tunis,1499,0
VEN,Venice,1499,91
VIJ,Vijayanagar,1499,181
WBG,Wurzburg,1499,0
ADA,Adal,1500,0
ARA,Aragon,1500,31
HAB,Austria,1500,0
AYU,Ayutthaya,1500,0
BOH,Bohemia,1500,0
BUR,Burgundy,1500,46
CAS,Castile,1500,274
DAN,Denmark,1500,0
ENG,England,1500,174
ETH,Ethiopia,1500,0
LAN,Florence,1500,1
FRA,France,1500,547
GEN,Genoa,1500,4
HOL,Holland,1500,0
HUN,Hungary,1500,104
JAP,Japan,1500,0
LIT,Lithuania,1500,0
HSA,Lübeck,1500,0
MAM,Mamluks,1500,208
MNG,Ming,1500,547
MOS,Muscovy,1500,313
NOR,Norway,1500,0
OIR,Oirat,1500,0
TUR,Ottomans,1500,473
POL,Poland,1500,392
POM,Pomerania,1500,0
POR,Portugal,1500,0
QAR,Qara Qoyunlu,1500,3
SAV,Savoy,1500,0
SAX,Saxony,1500,0
SWE,Sweden,1500,8
SYR,Syria,1500,0
TEU,Teutonic Order,1500,0
PAL,The Palatinate,1500,1
PAP,The Papal State,1500,0
TIM,Timurids,1500,149
TUN,Tunis,1500,0
VEN,Venice,1500,91
VIJ,Vijayanagar,1500,183
WBG,Wurzburg,1500,0
